   n, insertion_cmp, insertion_swaps, insertion_time, quick_cmp, quick_swaps, quick_time, selection_cmp, selection_swaps, selection_time, heap_cmp, heap_swaps, heap_time
0,1,0,2,1,0,1,1,0,0,6,0,2
1,1,0,1,1,0,1,1,0,0,10,1,3
2,4,0,1,11,2,22,6,0,0,22,3,2
3,10,2,1,21,4,24,13,2,6,31,5,2
4,13,2,3,30,5,79,22,2,1,52,9,12
5,16,2,3,51,8,16,33,2,1,64,11,4
6,19,2,3,60,9,10,46,2,2,79,13,6
7,22,2,5,62,10,6,61,2,2,94,16,6
8,25,2,4,67,10,3,78,2,1,123,22,4
9,28,2,4,78,11,3,97,2,1,144,26,3
10,31,2,2,91,13,1,118,2,1,167,30,3
11,34,2,5,115,16,2,141,2,1,188,34,4
12,39,3,3,130,18,3,166,3,1,214,39,4
13,42,3,4,141,19,3,193,3,1,235,43,5
14,45,3,3,153,20,2,222,3,2,261,48,5
15,48,3,5,158,21,4,253,3,2,281,52,5
16,51,3,4,174,23,4,286,3,2,311,58,4
17,56,4,3,173,22,4,321,4,2,338,63,5
18,59,4,4,193,24,3,358,4,3,369,69,5
19,62,4,4,212,26,3,397,4,3,398,75,5
20,67,5,4,218,27,4,438,5,3,432,82,5
21,72,6,8,249,30,6,481,6,6,458,87,5
22,75,6,4,262,31,3,526,6,3,483,91,5
23,78,6,5,265,31,3,573,6,4,512,97,6
24,81,6,5,285,34,4,622,6,4,540,102,6
25,84,6,5,305,36,4,673,6,4,569,108,6
26,89,7,5,322,38,6,726,7,9,597,113,13
27,94,8,11,333,38,8,781,8,9,623,118,6
28,101,10,6,343,38,4,838,8,5,654,124,12
29,104,10,12,358,41,8,897,8,6,683,130,8
30,107,10,7,374,42,5,958,8,6,717,137,6
31,112,11,8,393,44,4,1021,9,6,743,142,7
32,115,11,6,416,47,4,1086,9,6,776,148,8
33,118,11,7,416,45,5,1153,9,6,808,154,7
34,121,11,7,434,47,5,1222,9,8,854,164,8
35,126,12,7,435,48,5,1293,10,9,876,167,7
36,129,12,7,443,48,4,1366,10,7,923,177,9
37,132,12,7,485,53,6,1441,10,8,948,181,8
38,135,12,7,497,54,5,1518,10,8,979,187,10
39,138,12,8,502,53,5,1597,10,9,1017,195,9
40,143,13,8,526,56,4,1678,11,9,1041,198,9
41,146,13,8,546,57,7,1761,11,10,1078,206,10
42,149,13,9,564,59,7,1846,11,11,1116,214,10
43,152,13,10,571,59,7,1933,11,11,1153,222,10
44,155,13,8,579,59,9,2022,11,11,1186,228,14
45,158,13,8,589,59,7,2113,11,14,1217,234,11
46,161,13,9,625,63,6,2206,11,12,1259,242,13
47,166,14,9,616,62,7,2301,12,13,1285,247,13
48,171,15,10,637,64,7,2398,13,13,1325,255,12
49,174,15,9,686,70,6,2497,13,14,1355,260,12
50,177,15,10,696,70,7,2598,13,14,1400,270,10
51,182,16,12,707,72,6,2701,14,14,1422,273,10
52,187,17,10,736,76,6,2806,15,16,1461,280,11
53,194,19,10,726,72,6,2913,15,16,1494,287,13
54,201,21,11,774,80,7,3022,17,16,1527,293,12
55,204,21,14,801,83,6,3133,17,17,1559,300,12
56,207,21,15,808,82,7,3246,17,17,1601,308,12
57,210,21,14,803,78,6,3361,17,20,1628,312,12
58,213,21,16,817,79,8,3478,17,19,1664,320,14
59,216,21,12,833,82,7,3597,17,19,1697,327,12
60,219,21,15,877,88,11,3718,17,20,1735,334,13
61,222,21,15,870,86,7,3841,17,20,1764,339,12
62,225,21,11,872,84,7,3966,17,25,1800,346,15
63,228,21,17,893,86,9,4093,17,22,1831,352,17
64,233,22,15,917,88,9,4222,18,23,1855,355,19
65,236,22,14,947,92,9,4353,18,23,1894,363,16
66,239,22,18,978,95,13,4486,18,37,1956,377,16
67,242,22,13,976,93,9,4621,18,24,1989,383,14
68,247,23,13,993,95,7,4758,19,25,2035,392,13
69,254,25,13,999,93,7,4897,19,29,2069,398,13
70,263,28,15,1023,96,7,5038,20,26,2113,407,18
71,272,31,15,1046,100,23,5181,21,27,2146,413,15
72,275,31,14,1061,101,9,5326,21,29,2194,423,15
73,278,31,14,1045,97,8,5473,21,29,2221,427,19
74,281,31,15,1082,101,9,5622,21,29,2271,437,16
75,284,31,23,1137,106,10,5773,21,124,2307,445,16
76,287,31,15,1155,110,9,5926,21,31,2351,453,16
77,290,31,15,1124,103,8,6081,21,32,2383,459,22
78,295,32,16,1150,107,10,6238,22,182,2428,468,18
79,302,34,18,1187,112,10,6397,22,33,2469,476,26
80,305,34,16,1224,116,10,6558,22,35,2512,484,21
81,308,34,16,1221,112,12,6721,22,186,2537,488,18
82,311,34,16,1239,114,12,6886,22,69,2572,494,22
83,316,35,16,1290,122,10,7053,23,36,2630,507,16
84,319,35,22,1302,122,11,7222,23,175,2658,511,18
85,326,37,17,1306,120,11,7393,25,39,2691,517,17
86,335,40,17,1330,122,11,7566,26,94,2736,526,18
87,338,40,17,1332,123,10,7741,26,43,2775,534,18
88,341,40,18,1358,125,11,7918,26,42,2816,542,19
89,344,40,18,1359,123,10,8097,26,139,2841,546,19
90,347,40,18,1397,128,12,8278,26,44,2897,558,24
91,352,41,18,1390,126,11,8461,27,174,2935,565,21
92,355,41,20,1427,129,42,8646,27,45,2982,575,19
93,358,41,19,1416,125,5,8833,27,154,3013,580,18
94,361,41,19,1448,128,4,9022,27,46,3061,590,20
95,364,41,19,1498,134,5,9213,27,151,3108,600,19
96,367,41,30,1478,129,5,9406,27,14,3126,601,23
97,376,44,21,1492,133,6,9601,30,15,3161,609,21
98,387,48,20,1527,136,4,9798,30,14,3201,616,20
99,390,48,33,1563,142,5,9997,30,16,3267,631,26
100,393,48,21,1571,142,8,10198,30,15,3298,636,28
101,396,48,9,1646,148,12,10401,30,19,3328,640,40
102,399,48,4,1653,147,5,10606,30,16,3390,654,25
103,402,48,3,1665,150,6,10813,30,17,3417,659,10
104,405,48,4,1686,151,6,11022,30,17,3475,672,8
105,408,48,4,1708,155,6,11233,30,18,3499,675,10
106,411,48,3,1695,150,6,11446,30,17,3548,686,9
107,416,49,3,1692,151,5,11661,31,18,3586,693,8
108,421,50,3,1715,153,8,11878,32,18,3627,701,8
109,430,53,3,1785,160,5,12097,31,18,3663,708,8
110,437,55,3,1791,162,5,12318,33,19,3704,716,7
111,440,55,3,1802,162,5,12541,33,19,3743,724,7
112,443,55,3,1824,163,5,12766,33,20,3788,733,8
113,448,56,3,1864,166,5,12993,34,20,3814,736,8
114,453,57,8,1870,165,14,13222,35,44,3855,744,21
115,462,60,6,1848,159,10,13453,34,37,3902,755,16
116,465,60,6,1871,161,12,13686,34,21,3934,759,11
117,468,60,4,1903,167,5,13921,34,21,3978,769,9
118,471,60,3,1923,166,4,14158,34,22,4013,775,9
119,478,62,3,1932,166,7,14397,36,22,4064,787,8
120,481,62,3,1941,165,4,14638,36,24,4090,790,8
121,484,62,3,2018,180,5,14881,36,23,4139,801,8
122,487,62,3,2013,178,5,15126,36,24,4174,806,8
123,490,62,3,2026,176,5,15373,36,24,4205,812,8
124,493,62,4,2037,175,4,15622,36,24,4247,821,8
125,496,62,3,2026,173,5,15873,36,25,4286,829,8
126,499,62,3,2053,176,7,16126,36,25,4324,836,8
127,502,62,3,2074,176,4,16381,36,25,4361,842,8
128,505,62,3,2079,174,5,16638,36,26,4402,851,8
129,512,64,3,2107,180,5,16897,38,27,4442,859,9
130,515,64,4,2159,184,5,17158,38,27,4502,872,8
131,518,64,4,2196,190,6,17421,38,27,4542,878,8
132,521,64,3,2186,187,4,17686,38,27,4586,886,8
133,526,65,4,2205,188,5,17953,39,27,4633,897,8
134,529,65,6,2228,190,5,18222,39,28,4679,906,8
135,532,65,4,2291,195,5,18493,39,29,4715,912,8
136,535,65,3,2299,195,5,18766,39,29,4782,927,8
137,538,65,3,2317,197,5,19041,39,33,4806,930,8
138,541,65,3,2324,196,5,19318,39,31,4876,945,8
139,544,65,3,2379,201,5,19597,39,30,4920,954,8
140,547,65,4,2351,197,5,19878,39,31,4958,961,9
141,550,65,3,2345,196,5,20161,39,32,4987,965,9
142,553,65,4,2396,202,6,20446,39,32,5040,976,9
143,560,67,4,2360,196,6,20733,41,32,5080,984,8
144,563,67,5,2393,200,8,21022,41,33,5121,991,15
145,566,67,5,2415,203,6,21313,41,33,5179,1004,12
146,571,68,3,2465,210,7,21606,42,33,5231,1015,10
147,574,68,3,2436,202,6,21901,42,34,5265,1020,10
148,577,68,3,2425,197,5,22198,42,34,5306,1028,9
149,580,68,3,2514,210,6,22497,42,35,5338,1034,9
150,585,69,3,2489,205,5,22798,43,35,5400,1047,9
151,590,70,3,2588,216,6,23101,44,36,5444,1055,10
152,593,70,3,2609,217,5,23406,44,37,5506,1069,10
153,596,70,3,2565,214,6,23713,44,37,5525,1070,9
154,599,70,3,2617,218,6,24022,44,37,5589,1084,9
155,602,70,4,2614,215,5,24333,44,38,5615,1088,10
156,605,70,4,2642,219,5,24646,44,38,5665,1097,9
157,608,70,3,2706,227,6,24961,44,39,5716,1108,9
158,611,70,4,2713,226,6,25278,44,40,5776,1122,10
159,616,71,3,2691,224,6,25597,45,40,5790,1122,10
160,619,71,3,2703,224,5,25918,45,40,5837,1130,11
161,622,71,4,2769,232,6,26241,45,41,5892,1142,10
162,627,72,4,2813,238,6,26566,46,41,5926,1147,10
163,630,72,4,2812,234,6,26893,46,42,5980,1160,13
164,633,72,4,2838,237,6,27222,46,42,6042,1173,10
165,638,73,4,2837,234,7,27553,47,42,6075,1179,11
166,645,75,4,2851,234,5,27886,47,43,6117,1187,10
167,654,78,4,2885,240,8,28221,48,44,6151,1193,10
168,665,82,4,2912,241,9,28558,48,44,6201,1203,10
169,668,82,4,2952,246,6,28897,48,45,6239,1209,10
170,671,82,4,2978,248,6,29238,48,45,6288,1219,11
171,674,82,4,2980,247,8,29581,48,46,6334,1229,11
172,677,82,4,2949,240,6,29926,48,46,6381,1238,11
173,680,82,4,2984,240,7,30273,48,47,6406,1240,14
174,683,82,4,3009,245,6,30622,48,48,6467,1254,11
175,688,83,4,2998,242,7,30973,49,48,6510,1263,11
176,691,83,4,3016,243,6,31326,49,49,6549,1269,12
177,694,83,4,3073,250,6,31681,49,49,6592,1279,12
178,699,84,4,3090,253,6,32038,50,50,6628,1284,11
179,702,84,4,3115,255,7,32397,50,50,6687,1298,11
180,705,84,6,3124,253,7,32758,50,51,6745,1310,11
181,708,84,4,3136,255,7,33121,50,51,6768,1312,12
182,711,84,4,3150,255,5,33486,50,52,6807,1319,12
183,714,84,4,3188,261,7,33853,50,53,6847,1327,11
184,719,85,4,3200,262,6,34222,51,53,6895,1336,12
185,724,86,4,3236,260,6,34593,52,54,6950,1348,12
186,731,88,5,3293,265,6,34966,52,54,6992,1356,11
187,736,89,4,3268,259,7,35341,53,55,7031,1362,12
188,739,89,4,3297,261,6,35718,53,56,7091,1376,11
189,742,89,4,3344,264,7,36097,53,56,7130,1383,12
190,745,89,4,3314,263,7,36478,53,56,7186,1394,13
191,750,90,4,3335,269,7,36861,54,57,7218,1400,12
192,757,92,5,3365,271,7,37246,54,58,7254,1406,12
193,766,95,4,3388,267,8,37633,55,58,7299,1415,13
194,777,99,5,3415,274,10,38022,55,59,7350,1425,12
195,780,99,4,3435,275,7,38413,55,60,7388,1432,14
196,783,99,4,3454,274,7,38806,55,60,7432,1441,13
197,786,99,5,3432,273,7,39201,55,63,7469,1447,13
198,789,99,5,3459,274,7,39598,55,62,7520,1458,13
199,792,99,5,3530,284,8,39997,55,62,7564,1466,12
200,795,99,5,3543,283,7,40398,55,63,7608,1474,12
201,798,99,5,3543,287,7,40801,55,63,7630,1478,14
202,803,100,5,3600,291,8,41206,56,64,7686,1489,12
203,806,100,5,3642,294,8,41613,56,65,7732,1498,13
204,809,100,5,3664,296,7,42022,56,65,7791,1511,13
205,812,100,5,3674,292,7,42433,56,66,7823,1516,12
206,817,101,5,3699,292,7,42846,57,67,7886,1530,16
207,820,101,5,3695,295,8,43261,57,67,7922,1536,13
208,827,103,7,3722,298,7,43678,59,269,7988,1551,22
209,830,103,5,3776,303,9,44097,59,69,8021,1556,14
210,833,103,5,3766,300,9,44518,59,69,8070,1566,13
211,836,103,5,3837,309,8,44941,59,70,8105,1572,13
212,839,103,5,3841,307,7,45366,59,77,8151,1581,13
213,842,103,6,3816,306,9,45793,59,71,8182,1586,14
214,845,103,5,3843,303,8,46222,59,72,8241,1599,13
215,848,103,6,3856,303,8,46653,59,72,8288,1608,14
216,851,103,6,3872,309,7,47086,59,73,8318,1613,15
217,854,103,5,3898,310,8,47521,59,75,8364,1623,20
218,859,104,6,3959,317,12,47958,60,75,8404,1629,19
219,862,104,6,3894,307,9,48397,60,76,8469,1644,18
220,865,104,5,3905,306,7,48838,60,76,8520,1654,18
221,868,104,6,4031,318,9,49281,60,142,8555,1660,33
222,875,106,12,4008,319,17,49726,62,155,8600,1669,30
223,878,106,13,4038,320,19,50173,62,156,8649,1679,31
224,881,106,6,4065,324,8,50622,62,81,8691,1687,16
225,886,107,6,4088,326,9,51073,63,80,8730,1695,16
226,889,107,6,4102,327,8,51526,63,81,8781,1704,15
227,892,107,6,4105,321,8,51981,63,81,8832,1715,15
228,895,107,6,4127,323,9,52438,63,82,8872,1722,16
229,898,107,6,4147,329,8,52897,63,85,8922,1732,15
230,903,108,5,4173,332,8,53358,64,84,8966,1741,15
231,910,110,6,4143,319,10,53821,64,84,9002,1747,15
232,917,112,6,4164,321,8,54286,66,84,9039,1753,15
233,920,112,8,4220,330,9,54753,66,86,9093,1765,16
234,923,112,6,4240,330,7,55222,66,86,9133,1772,16
235,926,112,6,4262,330,9,55693,66,87,9184,1783,16
236,929,112,6,4304,336,8,56166,66,91,9233,1793,16
237,932,112,9,4275,328,9,56641,66,89,9252,1794,16
238,937,113,6,4299,331,8,57118,67,89,9328,1812,16
239,940,113,6,4345,333,9,57597,67,90,9366,1819,16
240,943,113,7,4360,334,47,58078,67,92,9398,1823,18
241,948,114,7,4357,334,10,58561,68,92,9426,1827,17
242,955,116,6,4407,340,9,59046,68,92,9476,1837,18
243,958,116,6,4471,352,10,59533,68,93,9550,1856,18
244,961,116,6,4484,353,8,60022,68,94,9597,1865,21
245,964,116,6,4493,352,9,60513,68,95,9649,1875,17
246,969,117,6,4505,353,8,61006,69,96,9673,1878,17
247,974,118,6,4533,353,9,61501,70,99,9710,1885,16
248,979,119,6,4547,353,8,61998,71,97,9764,1897,17
249,982,119,6,4564,350,9,62497,71,98,9801,1903,17
250,985,119,6,4561,350,8,62998,71,99,9860,1916,17
251,990,120,6,4607,357,10,63501,72,103,9882,1919,18
252,993,120,6,4621,359,8,64006,72,100,9917,1923,18
253,996,120,6,4638,356,9,64513,72,120,9950,1929,18
254,1001,121,6,4641,354,9,65022,73,102,10001,1940,17
255,1006,122,6,4649,353,8,65533,74,103,10050,1951,17
256,1009,122,9,4687,356,8,66046,74,103,10117,1965,18
257,1012,122,6,4740,365,9,66561,74,104,10161,1973,18
258,1017,123,6,4758,366,8,67078,75,106,10212,1983,18
259,1020,123,6,4734,360,9,67597,75,106,10238,1988,22
260,1023,123,7,4767,363,8,68118,75,107,10299,1999,18
261,1026,123,6,4829,370,9,68641,75,108,10348,2010,18
262,1029,123,6,4892,380,9,69166,75,109,10392,2017,18
263,1032,123,6,4877,376,10,69693,75,110,10448,2029,18
264,1035,123,6,4883,374,8,70222,75,110,10498,2040,18
265,1038,123,6,4928,378,9,70753,75,111,10556,2052,18
266,1041,123,6,4941,378,8,71286,75,112,10588,2055,19
267,1044,123,6,4915,371,9,71821,75,113,10647,2068,19
268,1047,123,6,4929,373,7,72358,75,114,10701,2080,18
269,1050,123,6,4956,377,9,72897,75,114,10741,2087,19
270,1053,123,7,5006,381,9,73438,75,114,10802,2099,18
271,1058,124,6,5057,382,9,73981,76,115,10846,2106,18
272,1065,126,6,5080,384,7,74526,76,119,10893,2115,19
273,1070,127,7,5096,385,9,75073,77,118,10941,2124,19
274,1073,127,7,5123,387,9,75622,77,119,10996,2137,22
275,1076,127,6,5129,384,9,76173,77,120,11027,2142,21
276,1081,128,7,5143,384,8,76726,78,121,11096,2156,21
277,1088,130,9,5147,387,282,77281,78,122,11137,2164,19
278,1091,130,7,5172,388,9,77838,78,122,11188,2174,20
279,1094,130,7,5266,401,10,78397,78,127,11229,2180,19
280,1097,130,7,5280,401,9,78958,78,124,11288,2193,19
281,1102,131,7,5261,399,10,79521,79,123,11342,2204,20
282,1105,131,7,5277,399,8,80086,79,126,11382,2210,19
283,1110,132,7,5309,401,10,80653,80,130,11451,2225,19
284,1113,132,7,5313,399,9,81222,80,128,11486,2231,18
285,1116,132,7,5337,398,9,81793,80,129,11539,2242,19
286,1121,133,7,5398,407,9,82366,81,128,11578,2249,20
287,1126,134,7,5332,398,10,82941,82,133,11625,2258,19
288,1133,136,7,5346,398,8,83518,82,130,11694,2272,20
289,1142,139,7,5434,410,11,84097,83,132,11735,2280,20
290,1145,139,7,5438,411,9,84678,83,133,11792,2292,21
291,1148,139,7,5483,415,9,85261,83,139,11852,2305,20
292,1151,139,7,5457,411,10,85846,83,135,11906,2315,20
293,1154,139,7,5533,421,10,86433,83,137,11941,2320,20
294,1157,139,7,5562,425,9,87022,83,137,11977,2326,19
295,1160,139,7,5563,421,10,87613,83,139,12028,2337,19
296,1167,141,7,5568,418,9,88206,85,140,12080,2347,19
297,1170,141,11,5540,413,10,88801,85,142,12155,2364,20
298,1173,141,7,5579,415,9,89398,85,140,12189,2369,20
299,1176,141,7,5580,413,10,89997,85,143,12239,2379,20
300,1179,141,8,5578,412,9,90598,85,141,12290,2388,20
301,1182,141,7,5660,426,10,91201,85,145,12330,2395,21
302,1185,141,7,5684,428,8,91806,85,145,12378,2404,20
303,1190,142,7,5758,430,11,92413,86,144,12424,2414,21
304,1197,144,8,5761,429,9,93022,86,145,12487,2427,23
305,1206,147,8,5756,425,10,93633,87,148,12529,2435,22
306,1209,147,7,5824,435,9,94246,87,147,12596,2449,20
307,1212,147,7,5792,431,10,94861,87,148,12621,2453,20
308,1217,148,7,5801,430,9,95478,88,148,12657,2458,21
309,1220,148,8,5862,439,13,96097,88,149,12735,2476,22
310,1223,148,8,5882,437,10,96718,88,152,12789,2486,21
311,1226,148,8,5857,432,10,97341,88,151,12854,2501,21
312,1229,148,8,5872,433,9,97966,88,154,12889,2505,22
313,1234,149,7,5948,445,10,98593,89,154,12936,2515,22
314,1239,150,8,5951,443,9,99222,90,157,12993,2527,21
315,1242,150,21,6045,455,11,99853,90,156,13030,2533,22
316,1245,150,8,6049,452,10,100486,90,159,13092,2546,21
317,1248,150,8,6072,452,11,101121,90,159,13149,2558,21
318,1253,151,8,6111,458,9,101758,91,159,13188,2565,21
319,1260,153,8,6085,454,11,102397,91,161,13226,2571,21
320,1269,156,8,6115,457,10,103038,92,165,13280,2581,23
321,1272,156,8,6154,461,11,103681,92,163,13316,2587,23
322,1275,156,8,6178,463,10,104326,92,164,13371,2599,23
323,1278,156,9,6165,463,10,104973,92,165,13429,2610,22
324,1281,156,8,6136,455,10,105622,92,164,13499,2626,23
325,1286,157,8,6226,461,11,106273,93,167,13537,2634,23
326,1289,157,8,6296,478,10,106926,93,170,13588,2643,24
327,1292,157,8,6269,468,11,107581,93,171,13635,2652,23
328,1297,158,8,6302,472,9,108238,94,169,13701,2665,26
329,1300,158,8,6318,469,12,108897,94,170,13718,2666,23
330,1303,158,8,6280,463,11,109558,94,174,13800,2684,24
331,1308,159,19,6306,464,32,110221,95,348,13836,2692,64
332,1313,160,21,6363,470,24,110886,96,357,13893,2703,61
333,1322,163,18,6431,480,25,111553,95,360,13933,2710,54
334,1325,163,17,6441,480,25,112222,95,354,13998,2724,53
335,1328,163,17,6467,480,24,112893,95,278,14037,2731,26
336,1331,163,8,6476,482,11,113566,95,179,14100,2744,26
337,1334,163,9,6422,469,14,114241,95,181,14146,2752,27
338,1337,163,9,6524,483,12,114918,95,181,14173,2755,26
339,1340,163,8,6518,481,12,115597,95,183,14228,2768,25
340,1345,164,9,6530,482,10,116278,96,184,14297,2783,25
341,1350,165,8,6618,495,12,116961,97,185,14351,2794,25
342,1353,165,9,6629,495,11,117646,97,184,14391,2800,25
343,1356,165,9,6656,494,13,118333,97,184,14471,2818,25
344,1359,165,9,6669,496,11,119022,97,190,14483,2816,26
345,1366,167,9,6647,493,12,119713,99,189,14536,2827,26
346,1371,168,9,6682,498,11,120406,100,190,14595,2839,25
347,1382,172,13,6727,498,13,121101,100,213,14639,2847,25
348,1385,172,12,6743,499,11,121798,100,192,14700,2860,25
349,1388,172,9,6749,495,12,122497,100,193,14736,2866,25
350,1391,172,9,6771,497,11,123198,100,195,14797,2879,26
351,1396,173,9,6747,494,13,123901,101,196,14822,2882,25
352,1401,174,9,6783,497,10,124606,102,197,14880,2893,26
353,1404,174,9,6843,503,12,125313,102,198,14933,2904,27
354,1407,174,11,6872,506,10,126022,102,199,14997,2919,30
355,1410,174,9,6842,499,12,126733,102,200,15031,2923,26
356,1413,174,9,6828,494,11,127446,102,201,15103,2939,27
357,1418,175,9,6894,508,12,128161,103,202,15119,2940,26
358,1421,175,9,6944,512,12,128878,103,203,15192,2956,26
359,1424,175,9,6946,506,12,129597,103,203,15224,2961,26
360,1427,175,9,6993,514,11,130318,103,210,15278,2971,28
361,1432,176,9,6999,512,12,131041,104,207,15323,2979,28
362,1439,178,9,7013,511,12,131766,104,208,15378,2990,27
363,1442,178,9,7034,516,12,132493,104,210,15468,3012,28
364,1451,181,140,7054,516,11,133222,107,211,15508,3020,27
365,1454,181,9,7173,530,13,133953,107,215,15533,3022,28
366,1457,181,10,7182,530,12,134686,107,212,15610,3040,28
367,1460,181,9,7142,526,12,135421,107,214,15636,3043,28
368,1465,182,9,7169,527,11,136158,108,218,15664,3047,28
369,1470,183,9,7175,527,13,136897,109,216,15703,3054,28
370,1473,183,9,7169,525,12,137638,109,216,15788,3073,28
371,1476,183,10,7247,533,12,138381,109,220,15830,3082,29
372,1479,183,9,7261,533,11,139126,109,220,15886,3092,29
373,1484,184,10,7300,534,13,139873,110,220,15923,3097,28
374,1487,184,9,7320,534,11,140622,110,707,15979,3111,37
375,1490,184,12,7319,529,34,141373,110,361,16034,3122,68
376,1495,185,4,7338,530,20,142126,111,227,16065,3125,61
377,1502,187,3,7403,534,14,142881,111,226,16112,3134,32
378,1511,190,2,7439,538,13,143638,112,227,16169,3145,31
379,1516,191,2,7461,542,14,144397,113,230,16237,3160,32
380,1519,191,2,7471,542,12,145158,113,229,16292,3172,31
381,1522,191,2,7486,552,14,145921,113,231,16327,3178,30
382,1527,192,2,7504,552,16,146686,114,232,16379,3187,31
383,1530,192,2,7488,547,12,147453,114,254,16451,3204,31
384,1537,194,2,7485,543,12,148222,116,237,16478,3208,31
385,1540,194,2,7519,543,14,148993,116,236,16553,3224,32
386,1543,194,2,7560,549,13,149766,116,239,16578,3227,32
387,1546,194,2,7640,551,13,150541,116,238,16599,3230,31
388,1549,194,2,7657,553,12,151318,116,239,16679,3249,33
389,1554,195,2,7640,554,13,152097,117,243,16722,3255,30
390,1561,197,2,7649,555,12,152878,117,243,16780,3267,29
391,1564,197,2,7697,562,14,153661,117,244,16840,3280,29
392,1569,198,2,7750,570,18,154446,118,245,16889,3289,30
393,1572,198,2,7738,557,13,155233,118,246,16914,3293,30
394,1575,198,2,7754,562,12,156022,118,249,16981,3306,30
395,1580,199,2,7718,556,13,156813,119,248,17031,3315,30
396,1583,199,2,7763,560,12,157606,119,250,17085,3327,30
397,1586,199,2,7778,559,13,158401,119,253,17125,3334,31
398,1589,199,2,7823,565,13,159198,119,253,17188,3348,31
399,1594,200,2,7953,585,14,159997,120,254,17215,3351,30
400,1597,200,2,7976,586,12,160798,120,257,17274,3363,32
401,1600,200,2,7983,592,13,161601,120,256,17307,3370,32
402,1605,201,2,7977,587,11,162406,121,257,17401,3391,32
403,1610,202,2,7990,581,12,163213,122,258,17430,3395,33
404,1619,205,2,7970,573,12,164022,121,260,17488,3407,31
405,1622,205,2,7993,579,13,164833,121,262,17526,3413,31
406,1625,205,2,8059,589,12,165646,121,262,17568,3421,32
407,1628,205,2,8139,596,15,166461,121,264,17620,3431,31
408,1631,205,2,8173,599,12,167278,121,418,17660,3438,82
409,1634,205,8,8119,580,40,168097,121,384,17697,3446,38
410,1637,205,3,8126,579,15,168918,121,268,17771,3462,36
411,1644,207,3,8170,593,16,169741,123,269,17805,3468,36
412,1653,210,2,8200,592,17,170566,124,270,17862,3479,34
413,1656,210,2,8243,598,16,171393,124,271,17934,3495,35
414,1659,210,2,8253,598,14,172222,124,275,17973,3500,35
415,1662,210,2,8248,593,14,173053,124,274,18010,3508,34
416,1665,210,2,8257,593,13,173886,124,276,18089,3524,54
417,1668,210,2,8317,600,15,174721,124,284,18142,3536,93
418,1671,210,2,8339,600,14,175558,124,278,18197,3547,35
419,1676,211,2,8367,603,15,176397,125,283,18203,3544,34
420,1679,211,2,8427,611,13,177238,125,281,18275,3561,34
421,1682,211,2,8365,596,14,178081,125,282,18321,3570,34
422,1685,211,2,8414,608,17,178926,125,283,18368,3579,33
423,1690,212,2,8487,614,15,179773,126,285,18415,3587,34
424,1693,212,2,8497,613,13,180622,126,328,18478,3600,34
425,1696,212,2,8499,613,13,181473,126,288,18524,3608,33
426,1699,212,2,8509,614,13,182326,126,289,18581,3620,37
427,1702,212,2,8524,615,15,183181,126,290,18621,3628,34
428,1707,213,2,8558,618,14,184038,127,292,18662,3635,33
429,1710,213,2,8541,606,14,184897,127,296,18705,3643,33
430,1713,213,2,8592,618,14,185758,127,295,18767,3656,33
431,1716,213,2,8584,613,15,186621,127,295,18799,3661,34
432,1719,213,2,8644,620,13,187486,127,297,18842,3668,34
433,1724,214,2,8666,626,16,188353,128,301,18889,3678,35
434,1727,214,2,8687,627,12,189222,128,300,18950,3690,34
435,1730,214,2,8727,631,15,190093,128,301,19007,3703,35
436,1733,214,2,8683,619,14,190966,128,303,19040,3708,73
437,1736,214,2,8786,633,15,191841,128,304,19113,3724,34
438,1739,214,2,8813,634,14,192718,128,309,19151,3730,35
439,1742,214,2,8760,627,15,193597,128,307,19212,3742,34
440,1745,214,2,8741,623,14,194478,128,310,19237,3745,35
441,1752,216,2,8931,644,16,195361,130,309,19280,3754,35
442,1755,216,2,8974,647,13,196246,130,311,19351,3768,35
443,1758,216,2,8832,629,17,197133,130,313,19403,3779,35
444,1761,216,2,8842,629,13,198022,130,314,19451,3788,35
445,1764,216,2,8897,635,15,198913,130,319,19517,3803,34
446,1767,216,2,8937,639,15,199806,130,317,19543,3806,34
447,1770,216,2,8974,641,16,200701,130,337,19603,3820,62
448,1773,216,2,8996,644,15,201598,130,320,19660,3830,38
449,1776,216,2,8984,641,14,202497,130,323,19687,3834,70
450,1781,217,5,9053,648,32,203398,131,576,19760,3850,68
451,1788,219,5,9086,647,29,204301,131,579,19799,3856,63
452,1791,219,4,9085,650,24,205206,131,392,19860,3870,33
453,1794,219,2,9088,649,15,206113,131,326,19909,3880,32
454,1797,219,2,9140,656,13,207022,131,330,19970,3893,31
455,1802,220,2,9131,646,16,207933,132,330,20023,3902,31
456,1805,220,2,9154,647,13,208846,132,331,20061,3908,32
457,1808,220,2,9113,639,16,209761,132,332,20103,3917,30
458,1811,220,2,9131,639,13,210678,132,334,20164,3929,30
459,1816,221,2,9268,664,15,211597,133,338,20212,3937,30
460,1821,222,2,9235,659,14,212518,134,337,20273,3950,29
461,1828,224,2,9282,655,15,213441,134,339,20317,3959,28
462,1831,224,2,9297,659,14,214366,134,340,20349,3964,29
463,1834,224,2,9321,658,14,215293,134,343,20407,3976,30
464,1837,224,2,9312,654,14,216222,134,343,20461,3989,30
465,1840,224,2,9280,647,15,217153,134,344,20496,3994,29
466,1843,224,2,9362,660,14,218086,134,346,20561,4007,30
467,1846,224,2,9428,670,15,219021,134,347,20597,4013,30
468,1849,224,2,9450,673,14,219958,134,350,20638,4019,30
469,1852,224,2,9418,661,14,220897,134,351,20704,4035,29
470,1855,224,2,9444,660,14,221838,134,354,20766,4047,29
471,1860,225,2,9467,663,15,222781,135,354,20817,4057,30
472,1865,226,2,9495,664,13,223726,136,357,20857,4065,29
473,1868,226,2,9488,661,16,224673,136,356,20909,4074,30
474,1871,226,2,9507,660,14,225622,136,356,20954,4084,30
475,1874,226,2,9564,667,14,226573,136,356,20999,4091,30
476,1881,228,2,9614,669,14,227526,138,363,21074,4108,29
477,1884,228,2,9604,668,15,228481,138,363,21127,4119,30
478,1887,228,2,9623,671,15,229438,138,364,21163,4125,29
479,1892,229,2,9639,674,17,230397,139,365,21218,4136,29
480,1897,230,2,9647,673,14,231358,140,367,21257,4143,31
481,1906,233,3,9698,672,17,232321,139,368,21322,4157,32
482,1909,233,3,9742,677,16,233286,139,372,21357,4162,32
483,1912,233,2,9836,694,15,234253,139,373,21409,4173,32
484,1917,234,2,9848,692,15,235222,140,375,21487,4190,32
485,1922,235,2,9823,686,16,236193,141,374,21526,4197,31
486,1925,235,2,9819,685,15,237166,141,381,21579,4207,30
487,1928,235,2,9959,710,17,238141,141,378,21624,4217,31
488,1933,236,2,9975,713,14,239118,142,385,21682,4229,31
489,1936,236,2,9959,706,17,240097,142,381,21702,4231,32
490,1939,236,2,9967,705,14,241078,142,385,21760,4241,31
491,1944,237,2,9997,707,16,242061,143,384,21816,4254,31
492,1947,237,2,10033,711,15,243046,143,387,21879,4266,31
493,1952,238,2,10024,705,17,244033,144,388,21946,4281,31
494,1955,238,2,10052,710,14,245022,144,391,21971,4284,30
495,1958,238,2,10093,713,15,246013,144,387,22021,4295,30
496,1961,238,2,10104,712,15,247006,144,393,22051,4298,32
497,1964,238,2,10128,711,17,248001,144,394,22097,4306,32
498,1967,238,2,10128,710,16,248998,144,397,22174,4324,32
499,1972,239,2,10108,706,16,249997,145,397,22216,4332,33
500,1979,241,2,10161,707,15,250998,145,410,22269,4342,32
501,1986,243,2,10280,723,17,252001,147,400,22317,4351,31
502,1989,243,2,10240,716,15,253006,147,404,22331,4350,34
503,1992,243,2,10257,719,18,254013,147,403,22378,4359,33
504,1995,243,2,10280,719,16,255022,147,407,22447,4375,34
505,1998,243,2,10247,711,17,256033,147,406,22494,4383,33
506,2003,244,2,10285,715,16,257046,148,409,22547,4394,32
507,2010,246,3,10319,722,17,258061,148,409,22580,4398,32
508,2013,246,2,10310,719,15,259078,148,413,22642,4411,32
509,2016,246,2,10364,721,16,260097,148,413,22678,4417,32
510,2019,246,2,10381,722,14,261118,148,416,22761,4436,36
511,2022,246,2,10343,713,16,262141,148,450,22805,4445,32
512,2025,246,2,10361,713,16,263166,148,418,22889,4463,35
513,2030,247,2,10445,724,17,264193,149,421,22936,4473,36
514,2035,248,2,10478,728,15,265222,150,761,22992,4484,91
515,2044,251,10,10477,722,45,266253,149,848,23054,4497,86
516,2047,251,8,10522,730,38,267286,149,708,23124,4513,41
517,2050,251,3,10563,732,19,268321,149,427,23172,4520,39
518,2053,251,3,10612,736,17,269358,149,429,23217,4529,37
519,2060,253,3,10562,727,18,270397,151,438,23285,4542,37
520,2063,253,3,10566,727,14,271438,151,432,23322,4548,37
521,2066,253,2,10637,732,16,272481,151,432,23361,4555,37
522,2069,253,3,10629,731,15,273526,151,431,23441,4573,35
523,2074,254,3,10720,746,18,274573,152,434,23521,4590,35
524,2081,256,3,10769,749,15,275622,152,438,23563,4598,34
525,2090,259,3,10814,756,18,276673,153,439,23609,4606,34
526,2093,259,3,10838,760,16,277726,153,442,23672,4619,36
527,2096,259,3,10886,765,19,278781,153,444,23713,4625,35
528,2099,259,2,10869,758,15,279838,153,452,23783,4639,35
529,2102,259,3,10851,750,16,280897,153,448,23838,4651,35
530,2107,260,3,10845,751,16,281958,154,450,23919,4669,36
531,2110,260,3,10908,756,17,283021,154,449,23948,4673,36
532,2113,260,2,10930,758,15,284086,154,452,24002,4684,35
533,2116,260,2,11007,762,17,285153,154,453,24051,4693,35
534,2119,260,2,10978,761,16,286222,154,478,24106,4704,34
535,2122,260,3,10955,756,18,287293,154,458,24158,4714,34
536,2127,261,3,10995,759,15,288366,155,459,24207,4723,35
537,2134,263,3,10965,753,16,289441,155,461,24274,4738,36
538,2137,263,3,11023,759,15,290518,155,462,24332,4749,35
539,2140,263,2,11121,765,18,291597,155,466,24360,4752,36
540,2143,263,3,11148,769,18,292678,155,461,24428,4767,35
541,2146,263,3,11114,762,18,293761,155,473,24501,4783,35
542,2149,263,3,11148,770,16,294846,155,471,24566,4795,36
543,2152,263,3,11144,768,17,295933,155,470,24588,4799,35
544,2155,263,3,11173,771,16,297022,155,473,24634,4806,36
545,2158,263,3,11237,769,18,298113,155,473,24707,4822,37
546,2161,263,3,11301,777,16,299206,155,477,24750,4830,38
547,2166,264,2,11304,776,18,300301,156,473,24786,4833,37
548,2173,266,3,11345,782,16,301398,156,479,24856,4848,36
549,2182,269,2,11350,779,19,302497,157,483,24918,4861,36
550,2193,273,3,11325,772,17,303598,157,482,24972,4871,35
551,2196,273,2,11344,776,16,304701,157,485,25007,4878,36
552,2199,273,2,11413,785,15,305806,157,486,25081,4895,36
553,2202,273,2,11425,787,18,306913,157,489,25143,4907,35
554,2205,273,3,11483,792,17,308022,157,491,25207,4919,37
555,2210,274,3,11479,787,18,309133,158,491,25267,4932,37
556,2213,274,3,11451,779,16,310246,158,495,25311,4940,37
557,2216,274,3,11518,787,18,311361,158,495,25362,4948,36
558,2225,277,3,11517,786,17,312478,161,498,25424,4961,35
559,2228,277,3,11660,806,19,313597,161,500,25459,4967,36
560,2231,277,3,11661,805,18,314718,161,497,25546,4987,36
561,2234,277,3,11701,810,17,315841,161,503,25584,4993,37
562,2237,277,3,11726,809,17,316966,161,500,25632,5001,38
563,2240,277,3,11680,806,20,318093,161,506,25658,5005,38
564,2243,277,3,11640,792,17,319222,161,508,25731,5021,38
565,2246,277,3,11660,794,17,320353,161,505,25789,5032,37
566,2249,277,3,11689,798,16,321486,161,513,25848,5044,38
567,2252,277,3,11707,797,19,322621,161,513,25896,5052,37
568,2255,277,3,11745,799,16,323758,161,514,25969,5069,37
569,2260,278,3,11716,797,20,324897,162,517,26011,5075,40
570,2263,278,3,11779,805,20,326038,162,567,26073,5088,39
571,2266,278,3,11790,805,19,327181,162,520,26121,5096,37
572,2269,278,3,11818,801,18,328326,162,527,26172,5107,37
573,2272,278,3,11817,802,19,329473,162,524,26238,5121,38
574,2275,278,3,11861,810,17,330622,162,530,26282,5127,37
575,2278,278,3,11965,820,18,331773,162,532,26312,5131,38
576,2283,279,3,11938,811,18,332926,163,528,26348,5139,40
577,2288,280,3,11955,810,19,334081,164,532,26397,5146,40
578,2295,282,3,11985,810,18,335238,164,535,26479,5164,39
579,2298,282,3,12015,815,19,336397,164,536,26521,5172,40
580,2301,282,3,12027,818,18,337558,164,536,26586,5187,40
581,2304,282,3,12035,823,17,338721,164,540,26636,5197,40
582,2309,283,3,12120,834,18,339886,165,540,26687,5206,42
583,2312,283,3,12115,826,18,341053,165,542,26754,5220,38
584,2315,283,3,12137,827,17,342222,165,548,26799,5226,39
585,2318,283,3,12112,823,19,343393,165,546,26844,5235,40
586,2325,285,3,12116,822,18,344566,167,547,26902,5246,39
587,2328,285,3,12205,836,19,345741,167,555,26958,5258,39
588,2331,285,3,12221,832,18,346918,167,552,27028,5273,40
589,2334,285,3,12257,835,20,348097,167,553,27063,5278,39
590,2341,287,3,12320,843,17,349278,169,673,27134,5293,39
591,2344,287,3,12350,847,19,350461,169,584,27168,5299,53
592,2347,287,6,12354,848,28,351646,169,616,27240,5313,53
593,2350,287,5,12322,836,24,352833,169,562,27281,5321,50
594,2355,288,4,12334,836,20,354022,170,562,27371,5341,47
595,2360,289,4,12321,835,21,355213,171,566,27397,5344,46
596,2363,289,4,12327,834,18,356406,171,563,27446,5354,46
597,2366,289,3,12348,825,20,357601,171,564,27512,5368,45
598,2369,289,3,12413,841,19,358798,171,572,27569,5379,44
599,2372,289,3,12436,842,19,359997,171,574,27641,5394,44
600,2375,289,3,12463,845,17,361198,171,574,27659,5394,44
601,2378,289,3,12444,836,19,362401,171,578,27726,5409,44
602,2383,290,3,12431,837,19,363606,172,579,27796,5424,44
603,2388,291,3,12608,854,21,364813,173,579,27864,5437,46
604,2397,294,3,12639,857,21,366022,172,604,27914,5446,42
605,2400,294,3,12669,859,18,367233,172,586,27966,5456,44
606,2403,294,3,12701,861,17,368446,172,587,28022,5468,43
607,2406,294,3,12664,867,21,369661,172,587,28088,5482,42
608,2409,294,4,12651,857,18,370878,172,591,28116,5484,43
609,2414,295,3,12682,859,18,372097,173,593,28141,5487,43
610,2417,295,3,12689,858,17,373318,173,595,28238,5510,45
611,2420,295,3,12721,855,20,374541,173,596,28274,5518,44
612,2425,296,4,12800,869,18,375766,174,599,28324,5525,43
613,2428,296,3,12773,863,20,376993,174,601,28398,5542,43
614,2431,296,4,12794,862,18,378222,174,601,28449,5551,44
615,2434,296,4,12906,871,19,379453,174,605,28523,5566,42
616,2437,296,3,12897,874,19,380686,174,607,28574,5577,43
617,2442,297,4,12874,866,20,381921,175,609,28593,5578,45
618,2445,297,3,12884,865,19,383158,175,609,28652,5590,43
619,2448,297,3,12972,880,20,384397,175,613,28713,5602,45
620,2451,297,3,12972,877,19,385638,175,617,28766,5612,43
621,2456,298,3,13041,884,20,386881,176,642,28840,5628,44
622,2459,298,3,13009,877,19,388126,176,617,28881,5634,43
623,2462,298,3,13054,890,22,389373,176,622,28961,5652,43
624,2467,299,3,13084,893,18,390622,177,617,29014,5662,43
625,2470,299,3,13019,870,20,391873,177,625,29048,5667,45
626,2477,301,4,13021,865,19,393126,179,627,29127,5684,44
627,2486,304,4,13115,882,19,394381,180,629,29191,5698,45
628,2489,304,3,13145,883,19,395638,180,630,29234,5705,43
629,2492,304,3,13155,887,20,396897,180,631,29268,5711,44
630,2497,305,3,13246,900,20,398158,181,639,29349,5728,44
631,2500,305,3,13341,912,21,399421,181,636,29391,5734,44
632,2505,306,3,13412,921,19,400686,182,803,29450,5747,46
633,2508,306,3,13311,906,22,401953,182,641,29510,5760,45
634,2511,306,3,13311,901,20,403222,182,643,29588,5777,44
635,2516,307,3,13373,905,20,404493,183,646,29616,5779,44
636,2519,307,3,13397,910,20,405766,183,648,29650,5785,45
637,2528,310,3,13403,907,20,407041,184,650,29698,5794,44
638,2535,312,3,13435,906,18,408318,184,650,29796,5817,44
639,2538,312,3,13513,919,20,409597,184,652,29822,5820,44
640,2541,312,4,13523,915,20,410878,184,659,29868,5829,46
641,2544,312,3,13553,922,21,412161,184,656,29967,5851,46
642,2549,313,5,13468,903,20,413446,185,658,29986,5850,46
643,2552,313,3,13592,923,22,414733,185,662,30030,5859,46
644,2555,313,4,13649,929,20,416022,185,685,30081,5869,46
645,2558,313,3,13634,925,19,417313,185,666,30125,5874,45
646,2563,314,3,13665,930,20,418606,186,1502,30241,5904,57
647,2566,314,5,13627,922,29,419901,186,668,30286,5911,53
648,2573,316,4,13607,915,22,421198,187,672,30352,5925,51
649,2584,320,4,13653,921,21,422497,187,673,30410,5937,48
650,2587,320,4,13674,922,19,423798,187,676,30448,5943,48
651,2590,320,4,13754,925,22,425101,187,676,30497,5952,49
652,2595,321,4,13800,930,20,426406,188,678,30551,5962,48
653,2598,321,4,13784,928,23,427713,188,682,30602,5973,48
654,2601,321,4,13844,935,20,429022,188,684,30635,5977,48
655,2606,322,4,13885,946,22,430333,189,686,30696,5990,48
656,2609,322,4,13912,948,21,431646,189,687,30770,6006,48
657,2612,322,4,13955,952,22,432961,189,688,30788,6008,48
658,2617,323,4,13945,945,21,434278,190,692,30871,6027,48
659,2620,323,4,13943,942,23,435597,190,694,30927,6037,48
660,2629,326,4,13960,938,21,436918,191,695,31000,6052,48
661,2634,327,4,13911,928,21,438241,192,701,31025,6054,46
662,2637,327,4,13965,935,20,439566,192,701,31076,6066,48
663,2640,327,4,13967,930,21,440893,192,703,31149,6080,48
664,2643,327,4,14017,937,20,442222,192,704,31223,6096,48
665,2646,327,4,14051,941,21,443553,192,713,31247,6098,47
666,2649,327,4,14076,943,20,444886,192,710,31302,6109,48
667,2652,327,4,14197,958,23,446221,192,710,31349,6118,48
668,2657,328,4,14264,969,21,447558,193,716,31402,6129,47
669,2660,328,4,14206,960,22,448897,193,716,31472,6143,49
670,2663,328,4,14222,960,21,450238,193,1111,31529,6155,121
671,2666,328,12,14248,963,57,451581,193,1264,31570,6161,59
672,2671,329,5,14263,959,23,452926,194,722,31633,6173,58
673,2680,332,5,14298,960,23,454273,195,728,31707,6191,55
674,2683,332,5,14347,965,22,455622,195,745,31742,6196,63
675,2686,332,7,14259,948,32,456973,195,738,31805,6209,62
676,2689,332,5,14297,955,29,458326,195,736,31851,6217,58
677,2692,332,5,14370,965,26,459681,195,735,31914,6231,58
678,2695,332,5,14398,968,24,461038,195,733,31959,6237,59
679,2698,332,5,14434,971,25,462397,195,736,32035,6255,58
680,2703,333,5,14440,970,26,463758,196,737,32059,6258,56
681,2706,333,5,14445,967,24,465121,196,745,32102,6266,56
682,2709,333,5,14534,978,23,466486,196,745,32213,6290,57
683,2712,333,5,14532,977,24,467853,196,748,32250,6296,56
684,2715,333,5,14552,981,25,469222,196,789,32309,6308,61
685,2718,333,5,14601,984,26,470593,196,766,32378,6322,57
686,2723,334,5,14616,988,28,471966,197,784,32410,6327,55
687,2730,336,4,14616,987,24,473341,197,755,32473,6341,55
688,2735,337,5,14618,985,23,474718,198,758,32550,6358,56
689,2740,338,5,14747,993,24,476097,199,760,32574,6359,56
690,2743,338,5,14776,994,22,477478,199,764,32631,6370,54
691,2746,338,4,14708,989,23,478861,199,762,32731,6393,55
692,2749,338,4,14741,992,22,480246,199,764,32773,6401,54
693,2754,339,4,14775,994,23,481633,200,768,32817,6410,53
694,2757,339,4,14857,1007,22,483022,200,773,32865,6418,53
695,2766,342,5,14817,987,25,484413,201,775,32901,6423,53
696,2769,342,4,14808,984,22,485806,201,777,32942,6431,54
697,2772,342,4,14822,986,22,487201,201,827,32977,6436,54
698,2775,342,4,14899,1001,22,488598,201,781,33093,6463,54
699,2780,343,5,14865,991,25,489997,202,782,33129,6468,55
700,2787,345,4,14872,990,22,491398,202,784,33205,6486,54
701,2790,345,4,14966,999,24,492801,202,787,33232,6488,54
702,2801,349,5,14992,999,22,494206,204,790,33287,6498,54
703,2804,349,5,15004,1001,23,495613,204,791,33345,6511,54
704,2807,349,4,15022,1001,22,497022,204,792,33399,6522,57
705,2810,349,5,14969,993,24,498433,204,795,33448,6530,56
706,2817,351,5,15072,1010,23,499846,206,796,33490,6538,55
707,2820,351,5,15133,1013,24,501261,206,799,33573,6556,55
708,2825,352,4,15126,1007,22,502678,207,805,33637,6571,55
709,2828,352,4,15167,1008,22,504097,207,806,33711,6587,55
710,2831,352,4,15215,1019,22,505518,207,809,33730,6586,54
711,2834,352,5,15119,999,24,506941,207,810,33794,6599,55
712,2837,352,4,15124,998,22,508366,207,808,33830,6605,55
713,2840,352,4,15234,1017,23,509793,207,814,33883,6615,55
714,2845,353,4,15283,1026,22,511222,208,813,33960,6632,54
715,2852,355,4,15252,1018,23,512653,208,818,34038,6650,54
716,2855,355,5,15210,1011,22,514086,208,821,34071,6654,54
717,2858,355,4,15323,1023,23,515521,208,823,34122,6664,54
718,2861,355,4,15316,1013,23,516958,208,826,34177,6674,54
719,2864,355,4,15329,1014,24,518397,208,994,34237,6686,117
720,2867,355,12,15401,1025,56,519838,208,1484,34266,6689,117
721,2870,355,11,15495,1039,46,521281,208,1271,34331,6702,62
722,2873,355,6,15516,1038,24,522726,208,832,34372,6712,62
723,2878,356,5,15432,1021,25,524173,209,836,34446,6729,61
724,2881,356,5,15524,1034,22,525622,209,839,34479,6731,59
725,2884,356,5,15522,1032,25,527073,209,840,34524,6739,59
726,2887,356,5,15512,1037,23,528526,209,843,34617,6761,57
727,2890,356,5,15559,1036,24,529981,209,884,34649,6765,58
728,2893,356,5,15637,1047,24,531438,209,851,34705,6775,58
729,2896,356,5,15579,1033,23,532897,209,850,34765,6789,58
730,2899,356,5,15598,1036,23,534358,209,852,34841,6805,57
731,2902,356,5,15727,1052,25,535821,209,854,34856,6805,58
732,2905,356,5,15705,1048,22,537286,209,859,34925,6819,57
733,2908,356,5,15668,1040,24,538753,209,859,34983,6831,57
734,2913,357,4,15700,1040,22,540222,210,864,35040,6842,57
735,2916,357,5,15842,1057,24,541693,210,864,35087,6850,57
736,2919,357,5,15891,1062,23,543166,210,866,35133,6859,58
737,2922,357,5,15763,1047,24,544641,210,870,35227,6881,59
738,2927,358,4,15773,1042,22,546118,211,871,35282,6890,57
739,2934,360,4,15833,1048,25,547597,211,877,35329,6900,58
740,2945,364,5,15855,1048,22,549078,213,878,35390,6912,57
741,2948,364,4,15905,1064,24,550561,213,880,35430,6918,57
742,2951,364,4,15870,1049,23,552046,213,881,35478,6927,57
743,2954,364,5,15954,1059,24,553533,213,883,35523,6936,58
744,2957,364,4,15978,1068,24,555022,213,885,35581,6947,57
745,2964,366,5,16010,1070,22,556513,215,896,35648,6961,57
746,2973,369,4,16064,1071,22,558006,216,890,35721,6976,57
747,2980,371,5,16055,1064,25,559501,216,893,35770,6986,57
748,2983,371,4,16113,1072,23,560998,216,897,35811,6993,58
749,2986,371,4,16140,1056,26,562497,216,897,35839,6996,58
750,2989,371,4,16164,1066,24,563998,216,902,35919,7013,58
751,2994,372,5,16177,1065,25,565501,217,903,35985,7028,57
752,2997,372,4,16132,1057,24,567006,217,905,36053,7044,59
753,3000,372,5,16173,1060,24,568513,217,907,36106,7052,61
754,3005,373,5,16236,1071,22,570022,218,907,36177,7067,60
755,3010,374,5,16303,1081,24,571533,219,911,36225,7076,58
756,3017,376,5,16278,1073,24,573046,219,941,36262,7083,59
757,3020,376,5,16302,1071,25,574561,219,917,36319,7094,59
758,3023,376,4,16366,1077,23,576078,219,920,36376,7105,58
759,3026,376,5,16440,1094,25,577597,219,922,36434,7118,59
760,3031,377,4,16481,1098,24,579118,220,925,36472,7124,60
761,3034,377,5,16456,1100,26,580641,220,927,36553,7139,60
762,3043,380,5,16433,1088,24,582166,221,928,36606,7149,60
763,3048,381,5,16596,1110,26,583693,222,931,36621,7152,60
764,3051,381,5,16489,1089,24,585222,222,935,36732,7175,60
765,3054,381,4,16473,1088,25,586753,222,936,36768,7180,60
766,3057,381,5,16513,1092,23,588286,222,939,36786,7183,60
767,3060,381,5,16605,1103,25,589821,222,942,36891,7207,60
768,3067,383,5,16622,1104,23,591358,224,946,36944,7215,62
769,3072,384,5,16506,1083,24,592897,225,946,37004,7229,63
770,3075,384,5,16575,1092,23,594438,225,951,37037,7234,62
771,3078,384,5,16633,1095,25,595981,225,951,37111,7249,64
772,3081,384,5,16626,1090,24,597526,225,954,37157,7257,61
773,3086,385,5,16681,1095,25,599073,226,956,37212,7268,62
774,3093,387,5,16708,1102,25,600622,226,959,37266,7278,61
775,3096,387,5,16730,1104,26,602173,226,963,37308,7287,61
776,3099,387,5,16702,1093,24,603726,226,965,37365,7299,63
777,3102,387,5,16791,1100,25,605281,226,965,37435,7313,64
778,3105,387,5,16886,1115,25,606838,226,968,37480,7321,63
779,3108,387,5,16889,1112,25,608397,226,970,37536,7333,132
780,3111,387,14,16875,1106,58,609958,226,1010,37606,7348,72
781,3114,387,7,16871,1113,28,611521,226,976,37611,7342,70
782,3117,387,6,16945,1120,26,613086,226,980,37699,7364,69
783,3120,387,6,16898,1110,26,614653,226,981,37740,7371,67
784,3123,387,6,16944,1108,26,616222,226,1034,37807,7385,67
785,3126,387,6,16984,1120,27,617793,226,987,37859,7395,67
786,3129,387,6,17080,1139,26,619366,226,989,37921,7408,66
787,3132,387,5,16996,1116,26,620941,226,991,37992,7422,66
788,3135,387,5,16992,1106,25,622518,226,994,38050,7434,66
789,3140,388,5,17033,1107,25,624097,227,996,38108,7446,64
790,3143,388,6,17064,1108,24,625678,227,998,38157,7455,64
791,3148,389,5,17087,1121,29,627261,228,996,38179,7455,66
792,3151,389,5,17092,1120,25,628846,228,1004,38222,7464,65
793,3154,389,5,17185,1133,27,630433,228,1048,38259,7469,74
794,3157,389,7,17172,1128,34,632022,228,1105,38356,7492,74
795,3160,389,7,17122,1114,37,633613,228,1010,38378,7493,73
796,3163,389,7,17186,1120,27,635206,228,1014,38460,7512,70
797,3166,389,6,17189,1116,27,636801,228,1022,38512,7522,71
798,3169,389,6,17222,1121,24,638398,228,1022,38567,7531,69
799,3172,389,6,17448,1156,29,639997,228,1021,38622,7542,68
800,3177,390,6,17467,1158,25,641598,229,1024,38689,7557,67
801,3180,390,7,17399,1144,27,643201,229,1027,38749,7570,68
802,3183,390,6,17389,1144,25,644806,229,1142,38801,7580,74
803,3186,390,8,17419,1155,34,646413,229,1033,38864,7593,73
804,3189,390,6,17482,1157,27,648022,229,1039,38912,7601,73
805,3192,390,6,17466,1152,26,649633,229,1037,38966,7610,69
806,3195,390,6,17516,1161,26,651246,229,1928,39008,7619,152
807,3198,390,15,17572,1160,70,652861,229,1426,39086,7635,74
808,3201,390,7,17617,1169,29,654478,229,1049,39132,7642,73
809,3204,390,6,17511,1139,27,656097,229,1051,39199,7659,70
810,3207,390,6,17580,1150,26,657718,229,1049,39255,7670,69
811,3212,391,6,17615,1156,28,659341,230,1085,39305,7680,69
812,3217,392,6,17639,1157,25,660966,231,1055,39336,7682,68
813,3220,392,6,17643,1156,27,662593,231,1057,39412,7699,69
814,3223,392,5,17710,1168,26,664222,231,1059,39465,7709,67
815,3228,393,6,17781,1172,28,665853,232,1065,39501,7714,67
816,3233,394,6,17817,1175,28,667486,233,1066,39536,7721,68
817,3238,395,6,17735,1155,28,669121,234,1068,39627,7742,69
818,3249,399,6,17702,1146,27,670758,232,1065,39693,7755,67
819,3252,399,6,17824,1165,28,672397,232,1074,39738,7762,73
820,3255,399,6,17878,1173,27,674038,232,1076,39778,7769,68
821,3258,399,6,17934,1173,27,675681,232,1078,39844,7782,68
822,3261,399,5,17971,1178,25,677326,232,1091,39896,7792,68
823,3264,399,6,18085,1203,27,678973,232,1083,39936,7799,67
824,3267,399,5,18088,1192,27,680622,232,1086,39987,7807,67
825,3270,399,5,17963,1176,27,682273,232,1089,40039,7817,68
826,3273,399,5,18020,1181,26,683926,232,1091,40106,7832,69
827,3278,400,6,18051,1188,27,685581,233,1093,40168,7845,68
828,3285,402,6,18066,1187,26,687238,233,1097,40241,7861,67
829,3290,403,6,18072,1185,27,688897,234,1099,40278,7866,67
830,3293,403,5,18113,1191,26,690558,234,1729,40325,7875,77
831,3296,403,8,18141,1185,37,692221,234,1382,40372,7884,77
832,3299,403,7,18171,1187,32,693886,234,1108,40433,7899,77
833,3302,403,7,18096,1167,29,695553,234,1112,40470,7903,74
834,3305,403,6,18110,1176,27,697222,234,1233,40541,7916,73
835,3308,403,6,18154,1175,30,698893,234,1116,40593,7928,74
836,3317,406,6,18166,1176,28,700566,237,1119,40643,7937,71
837,3320,406,6,18261,1197,27,702241,237,1122,40719,7953,71
838,3323,406,6,18286,1196,25,703918,237,1595,40783,7967,78
839,3326,406,8,18331,1196,37,705597,237,1127,40820,7973,78
840,3329,406,7,18322,1187,29,707278,237,1129,40868,7982,76
841,3332,406,6,18418,1211,29,708961,237,1166,40901,7986,74
842,3335,406,7,18456,1213,27,710646,237,1208,40964,7997,74
843,3338,406,7,18378,1197,69,712333,237,2039,41014,8009,84
844,3341,406,8,18453,1207,32,714022,237,1140,41099,8028,77
845,3344,406,7,18454,1199,29,715713,237,1145,41141,8035,75
846,3347,406,6,18461,1198,27,717406,237,1144,41191,8043,74
847,3350,406,6,18587,1217,30,719101,237,1148,41245,8054,74
848,3353,406,6,18594,1214,27,720798,237,1150,41285,8059,73
849,3356,406,6,18536,1207,27,722497,237,1153,41353,8073,72
850,3361,407,6,18526,1202,27,724198,238,1155,41388,8080,72
851,3364,407,6,18588,1207,28,725901,238,1158,41476,8099,72
852,3367,407,6,18598,1204,26,727606,238,1199,41526,8109,73
853,3372,408,6,18557,1192,31,729313,239,1163,41588,8122,72
854,3375,408,6,18601,1199,26,731022,239,1201,41644,8131,73
855,3378,408,6,18710,1220,30,732733,239,1170,41701,8144,75
856,3381,408,6,18778,1229,27,734446,239,1171,41740,8150,72
857,3386,409,6,18699,1213,28,736161,240,1178,41803,8166,73
858,3391,410,6,18787,1227,27,737878,241,1177,41865,8178,73
859,3396,411,6,18749,1207,29,739597,242,1180,41914,8186,71
860,3401,412,6,18789,1209,26,741318,243,1184,41960,8194,71
861,3404,412,6,18890,1236,28,743041,243,1189,42018,8208,73
862,3407,412,6,18861,1225,27,744766,243,1191,42107,8226,71
863,3410,412,6,18873,1221,29,746493,243,1191,42173,8241,71
864,3413,412,6,18962,1234,27,748222,243,1194,42182,8238,73
865,3418,413,6,18913,1223,27,749953,244,1193,42233,8248,71
866,3423,414,6,18985,1232,26,751686,245,1214,42318,8268,81
867,3432,417,8,19034,1245,38,753421,244,1204,42356,8275,80
868,3435,417,7,19059,1246,28,755158,244,1210,42415,8284,79
869,3438,417,7,19097,1250,28,756897,244,1211,42459,8294,77
870,3441,417,7,19055,1234,28,758638,244,1229,42559,8317,76
871,3444,417,7,19085,1237,30,760381,244,1214,42594,8322,76
872,3449,418,6,19108,1238,27,762126,245,1216,42614,8322,75
873,3452,418,6,19103,1229,28,763873,245,1219,42636,8325,75
874,3455,418,6,19093,1233,28,765622,245,1229,42725,8345,74
875,3458,418,6,19198,1247,30,767373,245,1276,42797,8360,74
876,3461,418,6,19224,1246,28,769126,245,1230,42857,8372,75
877,3466,419,6,19220,1245,29,770881,246,1232,42905,8381,73
878,3471,420,6,19241,1245,27,772638,247,1232,42980,8397,74
879,3474,420,6,19204,1242,28,774397,247,1237,43025,8406,73
880,3477,420,6,19265,1250,27,776158,247,1239,43065,8412,74
881,3482,421,6,19388,1264,29,777921,248,1294,43116,8422,83
882,3485,421,9,19358,1254,41,779686,248,1249,43196,8440,84
883,3488,421,7,19497,1273,32,781453,248,1248,43228,8444,79
884,3491,421,7,19475,1266,28,783222,248,1250,43298,8459,77
885,3496,422,7,19546,1269,29,784993,249,1252,43355,8471,77
886,3499,422,7,19527,1267,28,786766,249,1501,43403,8478,161
887,3502,422,16,19432,1262,72,788541,249,1734,43470,8493,81
888,3505,422,7,19443,1261,30,790318,249,1263,43530,8506,80
889,3508,422,7,19467,1253,30,792097,249,1476,43561,8509,117
890,3511,422,8,19472,1253,77,793878,249,2234,43616,8520,84
891,3514,422,8,19547,1259,38,795661,249,1277,43682,8535,83
892,3517,422,7,19521,1253,30,797446,249,1272,43734,8543,80
893,3520,422,7,19569,1264,30,799233,249,1279,43817,8562,78
894,3525,423,7,19613,1272,29,801022,250,1278,43838,8564,79
895,3530,424,7,19732,1271,31,802813,251,1281,43904,8577,78
896,3537,426,7,19764,1273,27,804606,251,1285,43960,8587,78
897,3540,426,7,19745,1280,30,806401,251,1287,43988,8591,78
898,3543,426,7,19755,1277,29,808198,251,1291,44033,8598,77
899,3548,427,6,19761,1279,28,809997,252,1292,44129,8621,78
900,3551,427,7,19756,1276,27,811798,252,1354,44163,8626,79
901,3554,427,7,19805,1278,28,813601,252,2034,44220,8636,83
902,3557,427,8,19846,1286,37,815406,252,1301,44309,8658,84
903,3562,428,7,19848,1268,33,817213,253,1305,44333,8660,83
904,3565,428,7,19888,1275,29,819022,253,1307,44401,8675,80
905,3568,428,7,19981,1298,31,820833,253,1311,44416,8675,80
906,3571,428,7,19974,1293,28,822646,253,1972,44501,8693,166
907,3574,428,17,19991,1295,78,824461,253,1852,44544,8701,84
908,3577,428,8,20009,1297,31,826278,253,1319,44607,8713,84
909,3584,430,7,20066,1306,31,828097,255,1464,44662,8725,82
910,3593,433,7,20088,1306,29,829918,256,1580,44715,8734,85
911,3596,433,8,20038,1288,39,831741,256,1339,44785,8750,85
912,3599,433,8,20059,1289,31,833566,256,1332,44850,8763,86
913,3604,434,7,20105,1291,30,835393,257,1336,44893,8770,82
914,3607,434,7,20146,1297,29,837222,257,1337,44949,8782,82
915,3610,434,7,20095,1294,32,839053,257,1339,45011,8795,82
916,3613,434,7,20167,1303,30,840886,257,1343,45052,8804,81
917,3616,434,7,20074,1274,30,842721,257,1344,45112,8815,80
918,3619,434,7,20101,1272,28,844558,257,1348,45167,8825,80
919,3624,435,7,20262,1314,30,846397,258,1352,45229,8838,79
920,3627,435,7,20299,1316,29,848238,258,1357,45251,8840,79
921,3630,435,7,20231,1287,29,850081,258,1359,45342,8859,79
922,3635,436,7,20167,1277,29,851926,259,1363,45362,8861,79
923,3638,436,7,20372,1310,31,853773,259,1362,45425,8871,80
924,3641,436,7,20430,1316,29,855622,259,1367,45484,8884,80
925,3644,436,6,20323,1294,30,857473,259,1368,45532,8894,78
926,3649,437,7,20431,1314,29,859326,260,1372,45600,8909,79
927,3652,437,7,20439,1309,30,861181,260,1374,45639,8914,79
928,3655,437,7,20477,1314,28,863038,260,1379,45683,8921,80
929,3658,437,7,20435,1304,29,864897,260,1380,45729,8930,83
930,3665,439,6,20543,1320,30,866758,262,1383,45760,8934,79
931,3674,442,7,20462,1304,30,868621,263,1421,45830,8949,79
932,3677,442,7,20503,1307,27,870486,263,1401,45932,8973,79
933,3680,442,6,20524,1303,29,872353,263,1436,45963,8977,80
934,3685,443,7,20617,1323,32,874222,264,1397,46026,8989,82
935,3688,443,7,20626,1322,32,876093,264,1399,46091,9003,82
936,3691,443,7,20692,1330,29,877966,264,1403,46119,9005,82
937,3694,443,6,20725,1334,30,879841,264,1404,46143,9008,82
938,3697,443,7,20782,1339,30,881718,264,1408,46221,9025,81
939,3700,443,7,20745,1326,31,883597,264,1412,46290,9039,81
940,3705,444,7,20753,1325,28,885478,265,1415,46362,9055,80
941,3712,446,7,20745,1325,30,887361,265,1420,46401,9062,81
942,3719,448,7,20766,1323,29,889246,267,1421,46459,9073,81
943,3722,448,7,20788,1320,31,891133,267,1425,46501,9080,81
944,3725,448,7,20869,1330,30,893022,267,1426,46560,9093,81
945,3730,449,7,20840,1320,31,894913,268,1437,46607,9102,81
946,3733,449,7,20889,1328,29,896806,268,1443,46686,9119,81
947,3736,449,7,20890,1327,33,898701,268,1436,46737,9129,84
948,3741,450,7,20936,1330,30,900598,269,1437,46757,9130,82
949,3746,451,7,20975,1328,32,902497,270,1443,46831,9145,81
950,3749,451,7,20993,1329,30,904398,270,1482,46906,9161,82
951,3752,451,7,21011,1333,30,906301,270,1449,46958,9172,84
952,3755,451,7,21035,1337,29,908206,270,1452,47008,9181,82
953,3758,451,7,21047,1329,31,910113,270,1454,47049,9189,83
954,3761,451,7,21125,1340,30,912022,270,1456,47101,9198,82
955,3764,451,7,21013,1332,32,913933,270,1460,47162,9211,82
956,3769,452,7,21146,1347,32,915846,271,1562,47244,9229,83
957,3772,452,7,21146,1343,31,917761,271,1465,47276,9233,83
958,3777,453,7,21201,1347,30,919678,272,1470,47342,9247,82
959,3780,453,7,21223,1347,31,921597,272,1472,47380,9253,84
960,3783,453,7,21242,1349,30,923518,272,1476,47405,9255,86
961,3786,453,7,21273,1351,31,925441,272,1478,47493,9276,87
962,3789,453,7,21281,1349,30,927366,272,1482,47548,9285,87
963,3792,453,7,21349,1351,33,929293,272,1485,47579,9289,86
964,3795,453,7,21345,1350,31,931222,272,1488,47636,9302,85
965,3798,453,7,21406,1358,32,933153,272,1491,47695,9313,130
966,3801,453,7,21471,1365,37,935086,272,1496,47743,9322,85
967,3804,453,7,21400,1348,31,937021,272,1497,47815,9338,84
968,3809,454,7,21468,1361,30,938958,273,1504,47881,9351,84
969,3814,455,7,21589,1382,31,940897,274,1503,47887,9350,85
970,3819,456,7,21614,1383,30,942838,275,1506,47969,9367,85
971,3822,456,7,21497,1361,32,944781,275,1511,48030,9379,85
972,3825,456,7,21513,1359,34,946726,275,1517,48101,9394,85
973,3830,457,7,21659,1385,33,948673,276,1518,48144,9400,84
974,3833,457,7,21704,1390,31,950622,276,1520,48212,9416,85
975,3838,458,7,21635,1373,31,952573,277,1522,48224,9416,85
976,3841,458,7,21649,1367,31,954526,277,1557,48311,9435,112
977,3844,458,7,21800,1403,32,956481,277,1528,48333,9438,86
978,3847,458,7,21846,1407,32,958438,277,1532,48420,9456,86
979,3852,459,7,21805,1392,32,960397,278,1535,48481,9469,86
980,3855,459,7,21739,1385,31,962358,278,1537,48532,9477,86
981,3864,462,7,21798,1391,31,964321,279,1540,48581,9486,85
982,3867,462,7,21864,1400,31,966286,279,1542,48611,9492,86
983,3870,462,7,21899,1397,33,968253,279,1546,48693,9510,86
984,3873,462,7,21894,1394,31,970222,279,1562,48756,9523,93
985,3878,463,9,21901,1397,42,972193,280,1554,48796,9529,92
986,3881,463,8,21922,1398,34,974166,280,1558,48874,9547,90
987,3884,463,8,22015,1411,35,976141,280,1564,48915,9553,91
988,3887,463,8,22008,1405,32,978118,280,1565,48957,9560,90
989,3890,463,8,21997,1404,32,980097,280,1565,49004,9570,90
990,3893,463,8,22028,1403,32,982078,280,1570,49066,9581,91
991,3896,463,8,22096,1405,32,984061,280,1583,49138,9598,92
992,3899,463,8,22077,1402,30,986046,280,1576,49196,9609,89
993,3904,464,7,22046,1395,32,988033,281,1577,49260,9624,88
994,3907,464,7,22091,1401,31,990022,281,1582,49315,9633,88
995,3910,464,7,22132,1399,34,992013,281,1589,49341,9636,89
996,3913,464,7,22124,1396,32,994006,281,1588,49422,9653,88
997,3916,464,7,22143,1404,32,996001,281,1590,49473,9664,88
998,3919,464,7,22214,1411,31,997998,281,1594,49517,9672,87
999,3926,466,7,22312,1420,33,999997,283,1598,49524,9670,89
1000,3931,467,7,22348,1425,31,1001998,284,2665,49610,9687,112
